email,first_name,last_name,country,postcode
ndents0@icloud.com,John,Smith,US,90210
distant_peaches.0c@icloud.com,Emily,Johnson,US,10001
postman.agonist-0j@icloud.com,Michael,Williams,US,60601
member_dalton_0t@icloud.com,Sarah,Brown,US,94105
hooves.hippy-0k@icloud.com,David,Jones,US,77002
ocular-maser.0c@icloud.com,Jessica,Miller,US,33101
payment.entente0b@icloud.com,Christopher,Davis,US,02108
brewpub.head_09@icloud.com,Amanda,Garcia,US,98101
01_trams_cronies@icloud.com,James,Rodriguez,US,30303
fixing.tube.0l@icloud.com,Jennifer,Martinez,US,85001
bindery-havens.0x@icloud.com,Robert,Hernandez,US,78701
cattle-cam0m@icloud.com,Michelle,Lopez,US,90028
dens.04missive@icloud.com,William,Gonzalez,US,19102
mappers-handoff.0z@icloud.com,Elizabeth,Wilson,US,48201
tarots.dawns_0p@icloud.com,Richard,Anderson,US,89101
orators-lumpen.0u@icloud.com,Patricia,Thomas,US,07302
novels-01.equity@icloud.com,Charles,Taylor,US,21201
venue_06_pursuer@icloud.com,Linda,Moore,US,32801
kibbles.cosmos.0o@icloud.com,Joseph,Jackson,US,80202
muck05_reign@icloud.com,Susan,Martin,US,37203
flitter-winds.0q@icloud.com,Thomas,Lee,US,20005
bonanza_morph.0h@icloud.com,Karen,Perez,US,97201
stores04_snows@icloud.com,Daniel,Thompson,US,43215
demure-sepia-0f@icloud.com,Nancy,White,US,46204
fluting-sizer0o@icloud.com,Matthew,Harris,US,59401
year-vale-0g@icloud.com,Lisa,Sanchez,US,83702
taper-03gourd@icloud.com,Anthony,Clark,US,87501
combos_shakes_0b@icloud.com,Margaret,Ramirez,US,95814
powders-marsh-0i@icloud.com,Mark,Lewis,US,02903
sateen_homily.0b@icloud.com,Betty,Robinson,US,55415
dimple.appeals0x@icloud.com,Donald,Walker,US,92101
longing-sorties.0f@icloud.com,Sandra,Young,US,75201
hoaxers_actor_0o@icloud.com,Paul,Allen,US,73102
06stoop_sparrow@icloud.com,Ashley,King,US,53202
08sloes-amounts@icloud.com,Steven,Wright,US,98104
pennies_fosse_0q@icloud.com,Kimberly,Scott,US,66101
effete.captcha-0m@icloud.com,Andrew,Torres,US,64101
extents.rashers0u@icloud.com,Donna,Nguyen,US,27601
rams_mush0d@icloud.com,Edward,Hill,US,28202
trainee.tender0d@icloud.com,Carol,Flores,US,23219
blurred_04toasty@icloud.com,Brian,Green,US,99501
treads.button.0v@icloud.com,Michelle,Adams,US,84111
capes-slipped-0p@icloud.com,Ronald,Nelson,US,02111
censers-windups0p@icloud.com,Dorothy,Baker,US,93721
fenland-grants-0l@icloud.com,Amy,Hall,US,59101
cochlea_lockers_0n@icloud.com,Jason,Rivera,US,29401
sheave_anthems.0@icloud.com,Stephanie,Campbell,US,37902
nucleon-07maze@icloud.com,Kevin,Mitchell,US,04101
waggle_sonnet.0r@icloud.com,Deborah,Carter,US,33602
00-bearers.gimbals@icloud.com,Ryan,Roberts,US,85003
equal-07-kart@icloud.com,Laura,Gomez,US,79901
width-seaway.0x@icloud.com,Gary,Phillips,US,92501
06overbid.obelisk@icloud.com,Helen,Evans,US,83701
clingy-0.poet@icloud.com,Nicholas,Turner,US,12207
ping_pear_0v@icloud.com,Anna,Diaz,US,06103
04phasing.defeat@icloud.com,Eric,Parker,US,15222
06sanity_subsidy@icloud.com,Kathleen,Cruz,US,68102
blitz_buyouts0j@icloud.com,Jonathan,Edwards,US,92101
chrome.crochet-0o@icloud.com,Rebecca,Collins,US,44113
poised_phi_0h@icloud.com,Stephen,Reyes,US,68508
dial-racer.02@icloud.com,Pamela,Stewart,US,57701
macho.vista_0e@icloud.com,Peter,Morris,US,89501
ethos.foul0j@icloud.com,Nicole,Morales,US,89502
bokeh_mint.0v@icloud.com,Jeffrey,Murphy,US,35203
expos.skids_0b@icloud.com,Christine,Cook,US,70112
billion.verb-0y@icloud.com,Kenneth,Rogers,US,97204
airfoil.costars-0k@icloud.com,Julie,Gutierrez,US,90401
08-dustpan-nomadic@icloud.com,Scott,Ortiz,US,10036
downy.typing_0x@icloud.com,Karen,Morgan,US,92037
unglued_potash_0b@icloud.com,George,Cooper,US,89109
select-blogger0g@icloud.com,Teresa,Peterson,US,70119
goods_crappie.0w@icloud.com,Jerry,Bailey,US,76102
borough.leghorn-0g@icloud.com,Cynthia,Reed,US,01201
options.ironies_0l@icloud.com,Frank,Kelly,US,93401
crumbly-harpy.0s@icloud.com,Judith,Howard,US,89557
dreams_worms0b@icloud.com,Raymond,Ramos,US,78212
oranges-reprint0b@icloud.com,Lori,Kim,US,48226
toothed.divas.0o@icloud.com,Wayne,Cox,US,49855
spline_spotter_0i@icloud.com,Diana,Ward,US,20001
fines_dilator_0h@icloud.com,Gerald,Richardson,US,78209
oblique_nil.0n@icloud.com,Alice,Watson,US,97401
burdock_pinkies0k@icloud.com,Harold,Brooks,US,95926
taps-extract-0t@icloud.com,Kathryn,Chavez,US,78205
phlox_gasps.0v@icloud.com,Roger,Wood,US,93001
0.engine.frame@icloud.com,Maria,James,US,58501
filler0patois@icloud.com,Gloria,Bennet,US,01201
romaine-pearly-0n@icloud.com,Bruce,Gray,US,49931
02.fidgets-snipe@icloud.com,Joan,Mendoza,US,90292
biotech.02-hookah@icloud.com,Lawrence,Ruiz,US,49417
scarps00.thetas@icloud.com,Beverly,Hughes,US,98225
alchemy-parr0u@icloud.com,Russell,Price,US,40507
tuneups-00-zap@icloud.com,Jean,Alvarez,US,71301
hoists_hyphen.0l@icloud.com,Randy,Castillo,US,75204
chills.clench.0s@icloud.com,Sharon,Sanders,US,91711
reason_03_wader@icloud.com,Brandon,Patel,US,51503
siren.ethical_0x@icloud.com,Virginia,Myers,US,98402
blushes.amateur-04@icloud.com,Roy,Long,US,05401
regalia_twitchy_0h@icloud.com,Julia,Ross,US,12804
memento-psychic-01@icloud.com,Ernest,Foster,US,68025
04-cliffs.icons@icloud.com,Cheryl,Jimenez,US,62701
roughs-patty01@icloud.com,Philip,Powell,US,08401
lipids.punt-0g@icloud.com,Janice,Fisher,US,97301
gripe.kohl_0v@icloud.com,Travis,Diaz,US,36104
hoofs_jonquil.0f@icloud.com,Evelyn,Sullivan,US,45202
axe.crush-0k@icloud.com,Sean,Simmons,US,32801
plugs-09.tankers@icloud.com,Judy,Russell,US,53703
05aloes-done@icloud.com,Craig,Ortiz,US,92101
mermaid.feeds.0m@icloud.com,Shawn,Jenkins,US,91101
drummer_bylines.0b@icloud.com,Theresa,Perry,US,01060
clicker-worldly0n@icloud.com,Martha,Butler,US,03301
bile-cons-0x@icloud.com,Jack,Barnes,US,59404
busmen.handler.0y@icloud.com,Catherine,Fisher,US,97520
gist.jokiest0e@icloud.com,Dennis,Henderson,US,44503
azures.heel.0y@icloud.com,Tammy,Coleman,US,15601
parka-newts.03@icloud.com,Samuel,Simmons,US,76107
acme06faunas@icloud.com,Carolyn,Patterson,US,13202
scrapie.splotch_0w@icloud.com,Larry,Jordan,US,98101
0_dormice.groggy@icloud.com,Rachel,Reynolds,US,20910
regress_vining.0y@icloud.com,Alexander,Hamilton,US,99201
diviner-04network@icloud.com,Robin,Graham,US,89501
canyons_wells0j@icloud.com,Patrick,Kim,US,14604
08-earner.softer@icloud.com,Christine,Gonzalez,US,53211